"File","Status","ExitCode","PromptDirectory","WorkingDirectory","ResultFile","LogFile","Seconds"
"work10.md","Success","0","C:\src\incursa\quic-dotnet\specs\codex_work\","C:\src\incursa\quic-dotnet","C:\src\incursa\quic-dotnet\specs\codex_work\results\work10.output.md","C:\src\incursa\quic-dotnet\specs\codex_work\logs\work10.log.txt","212.25"
"work11.md","Success","0","C:\src\incursa\quic-dotnet\specs\codex_work\","C:\src\incursa\quic-dotnet","C:\src\incursa\quic-dotnet\specs\codex_work\results\work11.output.md","C:\src\incursa\quic-dotnet\specs\codex_work\logs\work11.log.txt","95.81"
"work12.md","Success","0","C:\src\incursa\quic-dotnet\specs\codex_work\","C:\src\incursa\quic-dotnet","C:\src\incursa\quic-dotnet\specs\codex_work\results\work12.output.md","C:\src\incursa\quic-dotnet\specs\codex_work\logs\work12.log.txt","340.19"
"work13.md","Success","0","C:\src\incursa\quic-dotnet\specs\codex_work\","C:\src\incursa\quic-dotnet","C:\src\incursa\quic-dotnet\specs\codex_work\results\work13.output.md","C:\src\incursa\quic-dotnet\specs\codex_work\logs\work13.log.txt","292.96"
"work14.md","Success","0","C:\src\incursa\quic-dotnet\specs\codex_work\","C:\src\incursa\quic-dotnet","C:\src\incursa\quic-dotnet\specs\codex_work\results\work14.output.md","C:\src\incursa\quic-dotnet\specs\codex_work\logs\work14.log.txt","394.94"
"work15.md","Success","0","C:\src\incursa\quic-dotnet\specs\codex_work\","C:\src\incursa\quic-dotnet","C:\src\incursa\quic-dotnet\specs\codex_work\results\work15.output.md","C:\src\incursa\quic-dotnet\specs\codex_work\logs\work15.log.txt","358.77"
"work16.md","Success","0","C:\src\incursa\quic-dotnet\specs\codex_work\","C:\src\incursa\quic-dotnet","C:\src\incursa\quic-dotnet\specs\codex_work\results\work16.output.md","C:\src\incursa\quic-dotnet\specs\codex_work\logs\work16.log.txt","601.73"
"work17.md","Success","0","C:\src\incursa\quic-dotnet\specs\codex_work\","C:\src\incursa\quic-dotnet","C:\src\incursa\quic-dotnet\specs\codex_work\results\work17.output.md","C:\src\incursa\quic-dotnet\specs\codex_work\logs\work17.log.txt","272"
"work18.md","Success","0","C:\src\incursa\quic-dotnet\specs\codex_work\","C:\src\incursa\quic-dotnet","C:\src\incursa\quic-dotnet\specs\codex_work\results\work18.output.md","C:\src\incursa\quic-dotnet\specs\codex_work\logs\work18.log.txt","634.19"
"work19.md","Success","0","C:\src\incursa\quic-dotnet\specs\codex_work\","C:\src\incursa\quic-dotnet","C:\src\incursa\quic-dotnet\specs\codex_work\results\work19.output.md","C:\src\incursa\quic-dotnet\specs\codex_work\logs\work19.log.txt","419.95"
"work20.md","Success","0","C:\src\incursa\quic-dotnet\specs\codex_work\","C:\src\incursa\quic-dotnet","C:\src\incursa\quic-dotnet\specs\codex_work\results\work20.output.md","C:\src\incursa\quic-dotnet\specs\codex_work\logs\work20.log.txt","467.18"
"work21.md","Success","0","C:\src\incursa\quic-dotnet\specs\codex_work\","C:\src\incursa\quic-dotnet","C:\src\incursa\quic-dotnet\specs\codex_work\results\work21.output.md","C:\src\incursa\quic-dotnet\specs\codex_work\logs\work21.log.txt","283.26"
"work22.md","Success","0","C:\src\incursa\quic-dotnet\specs\codex_work\","C:\src\incursa\quic-dotnet","C:\src\incursa\quic-dotnet\specs\codex_work\results\work22.output.md","C:\src\incursa\quic-dotnet\specs\codex_work\logs\work22.log.txt","966.25"
"work23.md","Success","0","C:\src\incursa\quic-dotnet\specs\codex_work\","C:\src\incursa\quic-dotnet","C:\src\incursa\quic-dotnet\specs\codex_work\results\work23.output.md","C:\src\incursa\quic-dotnet\specs\codex_work\logs\work23.log.txt","446.54"
"work24.md","Success","0","C:\src\incursa\quic-dotnet\specs\codex_work\","C:\src\incursa\quic-dotnet","C:\src\incursa\quic-dotnet\specs\codex_work\results\work24.output.md","C:\src\incursa\quic-dotnet\specs\codex_work\logs\work24.log.txt","275.82"
"work25.md","Success","0","C:\src\incursa\quic-dotnet\specs\codex_work\","C:\src\incursa\quic-dotnet","C:\src\incursa\quic-dotnet\specs\codex_work\results\work25.output.md","C:\src\incursa\quic-dotnet\specs\codex_work\logs\work25.log.txt","427.58"
"work26.md","Success","0","C:\src\incursa\quic-dotnet\specs\codex_work\","C:\src\incursa\quic-dotnet","C:\src\incursa\quic-dotnet\specs\codex_work\results\work26.output.md","C:\src\incursa\quic-dotnet\specs\codex_work\logs\work26.log.txt","187.3"
"work27.md","Success","0","C:\src\incursa\quic-dotnet\specs\codex_work\","C:\src\incursa\quic-dotnet","C:\src\incursa\quic-dotnet\specs\codex_work\results\work27.output.md","C:\src\incursa\quic-dotnet\specs\codex_work\logs\work27.log.txt","369.27"
"work28.md","Success","0","C:\src\incursa\quic-dotnet\specs\codex_work\","C:\src\incursa\quic-dotnet","C:\src\incursa\quic-dotnet\specs\codex_work\results\work28.output.md","C:\src\incursa\quic-dotnet\specs\codex_work\logs\work28.log.txt","180.54"
"work29.md","Success","0","C:\src\incursa\quic-dotnet\specs\codex_work\","C:\src\incursa\quic-dotnet","C:\src\incursa\quic-dotnet\specs\codex_work\results\work29.output.md","C:\src\incursa\quic-dotnet\specs\codex_work\logs\work29.log.txt","854.2"
"work30.md","Success","0","C:\src\incursa\quic-dotnet\specs\codex_work\","C:\src\incursa\quic-dotnet","C:\src\incursa\quic-dotnet\specs\codex_work\results\work30.output.md","C:\src\incursa\quic-dotnet\specs\codex_work\logs\work30.log.txt","411.14"
"work31.md","Success","0","C:\src\incursa\quic-dotnet\specs\codex_work\","C:\src\incursa\quic-dotnet","C:\src\incursa\quic-dotnet\specs\codex_work\results\work31.output.md","C:\src\incursa\quic-dotnet\specs\codex_work\logs\work31.log.txt","693.83"
"work32.md","Success","0","C:\src\incursa\quic-dotnet\specs\codex_work\","C:\src\incursa\quic-dotnet","C:\src\incursa\quic-dotnet\specs\codex_work\results\work32.output.md","C:\src\incursa\quic-dotnet\specs\codex_work\logs\work32.log.txt","134.61"
"work33.md","Success","0","C:\src\incursa\quic-dotnet\specs\codex_work\","C:\src\incursa\quic-dotnet","C:\src\incursa\quic-dotnet\specs\codex_work\results\work33.output.md","C:\src\incursa\quic-dotnet\specs\codex_work\logs\work33.log.txt","426.56"
"work34.md","Success","0","C:\src\incursa\quic-dotnet\specs\codex_work\","C:\src\incursa\quic-dotnet","C:\src\incursa\quic-dotnet\specs\codex_work\results\work34.output.md","C:\src\incursa\quic-dotnet\specs\codex_work\logs\work34.log.txt","164.2"
"work35.md","Success","0","C:\src\incursa\quic-dotnet\specs\codex_work\","C:\src\incursa\quic-dotnet","C:\src\incursa\quic-dotnet\specs\codex_work\results\work35.output.md","C:\src\incursa\quic-dotnet\specs\codex_work\logs\work35.log.txt","242.74"
"work36.md","Success","0","C:\src\incursa\quic-dotnet\specs\codex_work\","C:\src\incursa\quic-dotnet","C:\src\incursa\quic-dotnet\specs\codex_work\results\work36.output.md","C:\src\incursa\quic-dotnet\specs\codex_work\logs\work36.log.txt","386.54"
